/*
INSERT INTO Payment_method (payment_method_id, payment_method_name, payment_method_is_active) VALUES
('PAY001', 'Credit Card', 'Available'),
('PAY002', 'Debit Card', 'Available'),
('PAY003', 'Cash', 'Available'),
('PAY004', 'PayPal', 'Available');


INSERT INTO Category (category_id, category_name) VALUES
('CAT001', 'Pet Supplies'),
('CAT002', 'Health and Wellness'),
('CAT003', 'Pet Hygiene');


INSERT INTO Supplier (supplier_id, supplier_name, supplier_contact_person, supplier_phone_number, supplier_email, supplier_address) VALUES
('SUP2023-001', 'Alimentos Globales para Mascotas', 'Juan Hernández', '8781234567', 'juan.hernandez@globalpetfoods.mx', '123 Calle Pet'),
('SUP2023-002', 'Soluciones de Salud Animal', 'Ana Martínez', '8782345678', 'ana.martinez@pethealthsol.mx', '456 Avenida Salud'),
('SUP2023-003', 'Suministros Acuáticos SA', 'Luis Álvarez', '8783456789', 'luis.alvarez@aquaticsupplies.mx', '789 Bulevar Océano'),
('SUP2022-004', 'Esenciales para Reptiles', 'Sofía Cruz', '8784567890', 'sofia.cruz@reptileessentials.mx', '101 Camino Desierto'),
('SUP2021-005', 'Accesorios para Aves', 'Carlos Jiménez', '8785678901', 'carlos.jimenez@avianacc.mx', '202 Alturas del Cielo'),
('SUP2020-006', 'Suministros para Amigos Peludos', 'María García', '8786789012', 'maria.garcia@furryfriends.mx', '303 Círculo Peludo');



INSERT INTO Employee (employee_id, employee_first_name, employee_last_name, employee_position, employee_hire_date, employee_salary, employee_contact_info, employee_address, employee_status) VALUES
('EMP001', 'Roberto', 'Gómez', 'Manager', '2020-05-10', 15000.00, '8781234567', 'Calle Maravillas 45, Guadalajara', 'Active'),
('EMP002', 'Carmen', 'Salinas', 'Sales Assistant', '2021-06-20', 9500.00, '8782345678', 'Callejón de los Milagros 23, Monterrey', 'Active'),
('EMP003', 'Luis', 'Hernández', 'Product Specialist', '2019-08-15', 12000.00, '8783456789', 'Avenida Revolución 342, Ciudad de México', 'Active'),
('EMP004', 'María', 'Pérez', 'Accountant', '2018-03-05', 13000.00, '8784567890', 'Privada del Rosario 67, Puebla', 'Active'),
('EMP005', 'Jorge', 'Martínez', 'Technical Support', '2021-11-30', 11000.00, '8785678901', 'Cerrada de la Industria 89, Querétaro', 'Inactive'),
('EMP006', 'Patricia', 'Juárez', 'Human Resources', '2022-01-25', 14000.00, '8786789012', 'Bulevar de las Naciones 56, Acapulco', 'Active'),
('EMP007', 'Carlos', 'Navarro', 'Maintenance', '2021-09-19', 8500.00, '8787890123', 'Ronda de los Volcanes 102, Toluca', 'Active');


INSERT INTO Client (client_id, client_first_name, client_last_name, client_email, client_phone_number, client_address) VALUES
('CLI001', 'José', 'Ramírez', 'jose.ramirez@example.mx', '8781000001', 'Av. Universidad 333, CDMX'),
('CLI002', 'María', 'López', 'maria.lopez@example.mx', '8781000002', 'Calzada de Tlalpan 1220, CDMX'),
('CLI003', 'Carlos', 'Morales', 'carlos.morales@example.mx', '8781000003', 'Eje Central 809, CDMX'),
('CLI004', 'Ana', 'Pérez', 'ana.perez@example.mx', '8781000004', 'Insurgentes Sur 1842, CDMX'),
('CLI005', 'David', 'Martínez', 'david.martinez@example.mx', '8781000005', 'Paseo de la Reforma 305, CDMX'),
('CLI006', 'Laura', 'García', 'laura.garcia@example.mx', '8781000006', 'Calzada del Hueso 859, CDMX'),
('CLI007', 'Luis', 'Hernández', 'luis.hernandez@example.mx', '8781000007', 'Av. Coyoacán 2000, CDMX'),
('CLI008', 'Sofía', 'González', 'sofia.gonzalez@example.mx', '8781000008', 'Eje 8 Sur 123, CDMX'),
('CLI009', 'Miguel', 'Álvarez', 'miguel.alvarez@example.mx', '8781000009', 'Av. Revolución 333, CDMX'),
('CLI010', 'Patricia', 'Cruz', 'patricia.cruz@example.mx', '8781000010', 'Río Churubusco 601, CDMX');


INSERT INTO Product (product_sku, product_name, product_description, product_price, product_piece_of_measurement, product_pet_specie, product_stock, category_category_id) VALUES
('DOG-FOOD-001', 'Dog Food Premium', 'Complete and balanced food for adult dogs.', 500.00, 'kg', 'Dog', 150, 'CAT001'),
('CAT-LIT-002', 'Clumping Cat Litter', 'Natural clumping cat litter for easy cleanup.', 200.00, 'kg', 'Cat', 200, 'CAT003'),
('BRD-SEED-003', 'Bird Seed Mix', 'Nutritious seed mix for all bird types.', 150.00, 'kg', 'Bird', 100, 'CAT001'),
('REPT-FOOD-004', 'Reptile Food Pellets', 'Pellets for aquatic turtles, newts, and frogs.', 250.00, 'kg', 'Reptile', 50, 'CAT001'),
('FISH-FOOD-005', 'Fish Flakes', 'Tropical fish food that enhances color.', 100.00, 'g', 'Fish', 300, 'CAT001'),
('DOG-TOY-006', 'Chew Toy', 'Durable dog chew toy for teeth health.', 150.00, 'unit', 'Dog', 200, 'CAT002'),
('CAT-TOY-007', 'Feather Wand', 'Interactive cat toy with feathers.', 120.00, 'unit', 'Cat', 150, 'CAT002'),
('BRD-CAGE-008', 'Bird Cage', 'Spacious bird cage with feeding trays.', 800.00, 'unit', 'Bird', 30, 'CAT002'),
('REPT-HAB-009', 'Reptile Habitat', 'Terrarium for small reptiles and amphibians.', 1200.00, 'unit', 'Reptile', 10, 'CAT002'),
('FISH-TANK-010', 'Fish Aquarium', '10-gallon fish tank with filter and LED light.', 1500.00, 'unit', 'Fish', 20, 'CAT002');


INSERT INTO Inventory (inventory_id, inventory_quantity_change, inventory_movement_type, inventory_movement_date, product_product_sku) VALUES
('INV2023-001', 50, 'Purchase', '2023-01-01 10:35:58', 'DOG-FOOD-001'),
('INV2023-002', 30, 'Purchase', '2023-02-01 10:20:12', 'CAT-LIT-002'),
('INV2023-003', 20, 'Purchase', '2023-03-01 10:15:15', 'BRD-SEED-003'),
('INV2023-004', -15, 'Return', '2023-04-01 10:36:34', 'REPT-FOOD-004'),
('INV2023-005', 10, 'Purchase', '2023-04-02 10:45:23', 'FISH-FOOD-005');


INSERT INTO Supplier_purchase (supplier_purchase_id, supplier_purchase_date, supplier_purchase_amount, supplier_supplier_id, employee_employee_id) VALUES
('SP001', '2023-01-05', 5000.00, 'SUP2023-001', 'EMP001'),
('SP002', '2023-02-10', 3000.00, 'SUP2023-002', 'EMP001'),
('SP003', '2023-03-15', 4500.00, 'SUP2023-003', 'EMP002'),
('SP004', '2023-04-20', 2500.00, 'SUP2023-004', 'EMP002'),
('SP005', '2023-05-25', 3200.00, 'SUP2023-005', 'EMP003');


INSERT INTO Order_made (order_made_id, order_made_date, order_made_status, order_made_total_amount, client_client_id, employee_employee_id) VALUES
('ORD001', '2023-01-01 10:00:00', 'Completed', 1200.00, 'CLI001', 'EMP001'),
('ORD002', '2023-01-01 10:15:00', 'Canceled', 760.00, 'CLI002', 'EMP001'),
('ORD003', '2023-01-01 10:30:00', 'Completed', 450.00, 'CLI003', 'EMP002'),
('ORD004', '2023-01-01 10:45:00', 'Canceled', 300.00, 'CLI004', 'EMP002'),
('ORD005', '2023-01-01 11:00:00', 'Completed', 500.00, 'CLI005', 'EMP003'),
('ORD006', '2023-01-15 11:15:00', 'Completed', 150.00, 'CLI006', 'EMP003'),
('ORD007', '2023-01-15 11:30:00', 'Canceled', 250.00, 'CLI007', 'EMP001'),
('ORD008', '2023-01-15 11:45:00', 'Completed', 850.00, 'CLI008', 'EMP001'),
('ORD009', '2023-01-15 12:00:00', 'Canceled', 900.00, 'CLI009', 'EMP002'),
('ORD010', '2023-01-15 12:15:00', 'Completed', 700.00, 'CLI010', 'EMP002'),
('ORD011', '2023-02-01 12:30:00', 'Completed', 950.00, 'CLI001', 'EMP003'),
('ORD012', '2023-02-01 12:45:00', 'Canceled', 670.00, 'CLI002', 'EMP003'),
('ORD013', '2023-02-01 13:00:00', 'Completed', 230.00, 'CLI003', 'EMP001'),
('ORD014', '2023-02-01 13:15:00', 'Canceled', 880.00, 'CLI004', 'EMP001'),
('ORD015', '2023-02-01 13:30:00', 'Completed', 450.00, 'CLI005', 'EMP002'),
('ORD016', '2023-02-15 13:45:00', 'Completed', 120.00, 'CLI006', 'EMP002'),
('ORD017', '2023-02-15 14:00:00', 'Canceled', 310.00, 'CLI007', 'EMP003'),
('ORD018', '2023-02-15 14:15:00', 'Completed', 640.00, 'CLI008', 'EMP003'),
('ORD019', '2023-02-15 14:30:00', 'Canceled', 780.00, 'CLI009', 'EMP001'),
('ORD020', '2023-02-15 14:45:00', 'Completed', 560.00, 'CLI010', 'EMP001'),
('ORD021', '2023-03-01 09:00:00', 'Completed', 1100.00, 'CLI001', 'EMP002'),
('ORD022', '2023-03-01 09:15:00', 'Canceled', 800.00, 'CLI002', 'EMP002'),
('ORD023', '2023-03-01 09:30:00', 'Completed', 750.00, 'CLI003', 'EMP001'),
('ORD024', '2023-03-01 09:45:00', 'Canceled', 600.00, 'CLI004', 'EMP001'),
('ORD025', '2023-03-01 10:00:00', 'Completed', 900.00, 'CLI005', 'EMP003'),
('ORD026', '2023-03-15 10:15:00', 'Completed', 500.00, 'CLI006', 'EMP003'),
('ORD027', '2023-03-15 10:30:00', 'Canceled', 850.00, 'CLI007', 'EMP002'),
('ORD028', '2023-03-15 10:45:00', 'Completed', 650.00, 'CLI008', 'EMP002'),
('ORD029', '2023-03-15 11:00:00', 'Canceled', 700.00, 'CLI009', 'EMP001'),
('ORD030', '2023-03-15 11:15:00', 'Completed', 800.00, 'CLI010', 'EMP001'),
('ORD031', '2023-04-01 11:30:00', 'Completed', 950.00, 'CLI001', 'EMP003'),
('ORD032', '2023-04-01 11:45:00', 'Canceled', 760.00, 'CLI002', 'EMP003'),
('ORD033', '2023-04-01 12:00:00', 'Completed', 540.00, 'CLI003', 'EMP002'),
('ORD034', '2023-04-01 12:15:00', 'Canceled', 610.00, 'CLI004', 'EMP002'),
('ORD035', '2023-04-01 12:30:00', 'Completed', 830.00, 'CLI005', 'EMP001'),
('ORD036', '2023-04-15 12:45:00', 'Completed', 470.00, 'CLI006', 'EMP001'),
('ORD037', '2023-04-15 13:00:00', 'Canceled', 300.00, 'CLI007', 'EMP003'),
('ORD038', '2023-04-15 13:15:00', 'Completed', 690.00, 'CLI008', 'EMP003'),
('ORD039', '2023-04-15 13:30:00', 'Canceled', 880.00, 'CLI009', 'EMP002'),
('ORD040', '2023-04-15 13:45:00', 'Completed', 520.00, 'CLI010', 'EMP002'),
('ORD041', '2023-05-01 08:00:00', 'Completed', 1150.00, 'CLI001', 'EMP002'),
('ORD042', '2023-05-01 08:20:00', 'Canceled', 850.00, 'CLI002', 'EMP002'),
('ORD043', '2023-05-01 08:40:00', 'Completed', 750.00, 'CLI003', 'EMP001'),
('ORD044', '2023-05-01 09:00:00', 'Canceled', 620.00, 'CLI004', 'EMP001'),
('ORD045', '2023-05-01 09:20:00', 'Completed', 930.00, 'CLI005', 'EMP003'),
('ORD046', '2023-05-15 09:40:00', 'Completed', 510.00, 'CLI006', 'EMP003'),
('ORD047', '2023-05-15 10:00:00', 'Canceled', 870.00, 'CLI007', 'EMP002'),
('ORD048', '2023-05-15 10:20:00', 'Completed', 650.00, 'CLI008', 'EMP002'),
('ORD049', '2023-05-15 10:40:00', 'Canceled', 710.00, 'CLI009', 'EMP001'),
('ORD050', '2023-05-15 11:00:00', 'Completed', 810.00, 'CLI010', 'EMP001'),
('ORD051', '2023-06-01 11:20:00', 'Completed', 960.00, 'CLI001', 'EMP003'),
('ORD052', '2023-06-01 11:40:00', 'Canceled', 780.00, 'CLI002', 'EMP003'),
('ORD053', '2023-06-01 12:00:00', 'Completed', 550.00, 'CLI003', 'EMP002'),
('ORD054', '2023-06-01 12:20:00', 'Canceled', 620.00, 'CLI004', 'EMP002'),
('ORD055', '2023-06-01 12:40:00', 'Completed', 840.00, 'CLI005', 'EMP001'),
('ORD056', '2023-06-15 13:00:00', 'Completed', 480.00, 'CLI006', 'EMP001'),
('ORD057', '2023-06-15 13:20:00', 'Canceled', 320.00, 'CLI007', 'EMP003'),
('ORD058', '2023-06-15 13:40:00', 'Completed', 690.00, 'CLI008', 'EMP003'),
('ORD059', '2023-06-15 14:00:00', 'Canceled', 890.00, 'CLI009', 'EMP002'),
('ORD060', '2023-06-15 14:20:00', 'Completed', 530.00, 'CLI005', 'EMP001'),
('ORD061', '2023-07-01 08:00:00', 'Completed', 210.00, 'CLI001', 'EMP002'),
('ORD062', '2023-07-01 08:15:00', 'Canceled', 160.00, 'CLI002', 'EMP002'),
('ORD063', '2023-07-01 08:30:00', 'Completed', 190.00, 'CLI003', 'EMP001'),
('ORD064', '2023-07-01 08:45:00', 'Canceled', 140.00, 'CLI004', 'EMP001'),
('ORD065', '2023-07-01 09:00:00', 'Completed', 250.00, 'CLI005', 'EMP003'),
('ORD066', '2023-07-15 09:15:00', 'Completed', 120.00, 'CLI006', 'EMP003'),
('ORD067', '2023-07-15 09:30:00', 'Canceled', 110.00, 'CLI007', 'EMP002'),
('ORD068', '2023-07-15 09:45:00', 'Completed', 230.00, 'CLI008', 'EMP002'),
('ORD069', '2023-07-15 10:00:00', 'Canceled', 90.00, 'CLI009', 'EMP001'),
('ORD070', '2023-07-15 10:15:00', 'Completed', 200.00, 'CLI010', 'EMP001'),
('ORD071', '2023-08-01 10:30:00', 'Completed', 220.00, 'CLI001', 'EMP003'),
('ORD072', '2023-08-01 10:45:00', 'Canceled', 170.00, 'CLI002', 'EMP003'),
('ORD073', '2023-08-01 11:00:00', 'Completed', 180.00, 'CLI003', 'EMP001'),
('ORD074', '2023-08-01 11:15:00', 'Canceled', 150.00, 'CLI004', 'EMP001'),
('ORD075', '2023-08-01 11:30:00', 'Completed', 240.00, 'CLI005', 'EMP002'),
('ORD076', '2023-08-15 11:45:00', 'Completed', 130.00, 'CLI006', 'EMP002'),
('ORD077', '2023-08-15 12:00:00', 'Canceled', 100.00, 'CLI007', 'EMP003'),
('ORD078', '2023-08-15 12:15:00', 'Completed', 210.00, 'CLI008', 'EMP003'),
('ORD079', '2023-08-15 12:30:00', 'Canceled', 80.00, 'CLI009', 'EMP001'),
('ORD080', '2023-08-15 12:45:00', 'Completed', 190.00, 'CLI010', 'EMP001'),
('ORD081', '2023-09-01 10:00:00', 'Completed', 310.00, 'CLI001', 'EMP002'),
('ORD082', '2023-09-01 10:20:00', 'Canceled', 260.00, 'CLI002', 'EMP002'),
('ORD083', '2023-09-01 10:40:00', 'Completed', 290.00, 'CLI003', 'EMP001'),
('ORD084', '2023-09-01 11:00:00', 'Canceled', 240.00, 'CLI004', 'EMP001'),
('ORD085', '2023-09-01 11:20:00', 'Completed', 350.00, 'CLI005', 'EMP003'),
('ORD086', '2023-09-15 11:40:00', 'Completed', 220.00, 'CLI006', 'EMP003'),
('ORD087', '2023-09-15 12:00:00', 'Canceled', 210.00, 'CLI007', 'EMP002'),
('ORD088', '2023-09-15 12:20:00', 'Completed', 330.00, 'CLI008', 'EMP002'),
('ORD089', '2023-09-15 12:40:00', 'Canceled', 190.00, 'CLI009', 'EMP001'),
('ORD090', '2023-09-15 13:00:00', 'Completed', 300.00, 'CLI010', 'EMP001'),
('ORD091', '2023-10-01 13:20:00', 'Completed', 320.00, 'CLI001', 'EMP003'),
('ORD092', '2023-10-01 13:40:00', 'Canceled', 270.00, 'CLI002', 'EMP003'),
('ORD093', '2023-10-01 14:00:00', 'Completed', 280.00, 'CLI003', 'EMP001'),
('ORD094', '2023-10-01 14:20:00', 'Canceled', 250.00, 'CLI004', 'EMP001'),
('ORD095', '2023-10-01 14:40:00', 'Completed', 340.00, 'CLI005', 'EMP002'),
('ORD096', '2023-10-15 15:00:00', 'Completed', 230.00, 'CLI006', 'EMP002'),
('ORD097', '2023-10-15 15:20:00', 'Canceled', 200.00, 'CLI007', 'EMP003'),
('ORD098', '2023-10-15 15:40:00', 'Completed', 310.00, 'CLI008', 'EMP003'),
('ORD099', '2023-10-15 16:00:00', 'Canceled', 180.00, 'CLI009', 'EMP001'),
('ORD100', '2023-10-15 16:20:00', 'Completed', 290.00, 'CLI010', 'EMP001'),
('ORD101', '2023-11-01 09:00:00', 'Completed', 315.00, 'CLI001', 'EMP002'),
('ORD102', '2023-11-01 09:30:00', 'Canceled', 285.00, 'CLI002', 'EMP003'),
('ORD103', '2023-11-01 10:00:00', 'Completed', 290.00, 'CLI003', 'EMP001'),
('ORD104', '2023-11-01 10:30:00', 'Canceled', 270.00, 'CLI004', 'EMP002'),
('ORD105', '2023-11-01 11:00:00', 'Completed', 345.00, 'CLI005', 'EMP003'),
('ORD106', '2023-11-15 11:30:00', 'Completed', 225.00, 'CLI006', 'EMP001'),
('ORD107', '2023-11-15 12:00:00', 'Canceled', 215.00, 'CLI007', 'EMP002'),
('ORD108', '2023-11-15 12:30:00', 'Completed', 330.00, 'CLI008', 'EMP003'),
('ORD109', '2023-11-15 13:00:00', 'Canceled', 195.00, 'CLI009', 'EMP001'),
('ORD110', '2023-11-15 13:30:00', 'Completed', 310.00, 'CLI010', 'EMP002'),
('ORD111', '2023-12-01 14:00:00', 'Completed', 325.00, 'CLI001', 'EMP003'),
('ORD112', '2023-12-01 14:30:00', 'Canceled', 275.00, 'CLI002', 'EMP001'),
('ORD113', '2023-12-01 15:00:00', 'Completed', 285.00, 'CLI003', 'EMP002'),
('ORD114', '2023-12-01 15:30:00', 'Canceled', 255.00, 'CLI004', 'EMP003'),
('ORD115', '2023-12-01 16:00:00', 'Completed', 345.00, 'CLI005', 'EMP001'),
('ORD116', '2023-12-15 16:30:00', 'Completed', 235.00, 'CLI006', 'EMP002'),
('ORD117', '2023-12-15 17:00:00', 'Canceled', 205.00, 'CLI007', 'EMP003'),
('ORD118', '2023-12-15 17:30:00', 'Completed', 320.00, 'CLI008', 'EMP001'),
('ORD119', '2023-12-15 18:00:00', 'Canceled', 190.00, 'CLI009', 'EMP002'),
('ORD120', '2023-12-15 18:30:00', 'Completed', 295.00, 'CLI010', 'EMP003'),
('ORD121', '2023-01-02 09:00:00', 'Completed', 250.00, 'CLI002', 'EMP002'),
('ORD122', '2023-01-02 09:15:00', 'Canceled', 200.00, 'CLI003', 'EMP003'),
('ORD123', '2023-01-02 09:30:00', 'Completed', 300.00, 'CLI004', 'EMP001'),
('ORD124', '2023-01-02 09:45:00', 'Canceled', 150.00, 'CLI005', 'EMP002'),
('ORD125', '2023-01-02 10:00:00', 'Completed', 190.00, 'CLI006', 'EMP003'),
('ORD126', '2023-01-16 10:15:00', 'Completed', 310.00, 'CLI007', 'EMP001'),
('ORD127', '2023-01-16 10:30:00', 'Canceled', 210.00, 'CLI008', 'EMP002'),
('ORD128', '2023-01-16 10:45:00', 'Completed', 270.00, 'CLI009', 'EMP003'),
('ORD129', '2023-01-16 11:00:00', 'Canceled', 180.00, 'CLI010', 'EMP001'),
('ORD130', '2023-01-16 11:15:00', 'Completed', 260.00, 'CLI001', 'EMP002'),
('ORD131', '2023-02-01 11:30:00', 'Completed', 220.00, 'CLI002', 'EMP003'),
('ORD132', '2023-02-01 11:45:00', 'Canceled', 240.00, 'CLI003', 'EMP001'),
('ORD133', '2023-02-01 12:00:00', 'Completed', 210.00, 'CLI004', 'EMP002'),
('ORD134', '2023-02-01 12:15:00', 'Canceled', 260.00, 'CLI005', 'EMP003'),
('ORD135', '2023-02-15 12:30:00', 'Completed', 290.00, 'CLI006', 'EMP001'),
('ORD136', '2023-02-15 12:45:00', 'Canceled', 175.00, 'CLI007', 'EMP002'),
('ORD137', '2023-02-15 13:00:00', 'Completed', 325.00, 'CLI008', 'EMP003'),
('ORD138', '2023-02-15 13:15:00', 'Canceled', 165.00, 'CLI009', 'EMP001'),
('ORD139', '2023-02-15 13:30:00', 'Completed', 255.00, 'CLI010', 'EMP002'),
('ORD140', '2023-02-28 13:45:00', 'Completed', 285.00, 'CLI001', 'EMP003'),
('ORD141', '2023-03-01 08:00:00', 'Completed', 295.00, 'CLI002', 'EMP002'),
('ORD142', '2023-03-01 08:30:00', 'Canceled', 280.00, 'CLI003', 'EMP003'),
('ORD143', '2023-03-01 09:00:00', 'Completed', 310.00, 'CLI004', 'EMP001'),
('ORD144', '2023-03-01 09:30:00', 'Canceled', 260.00, 'CLI005', 'EMP002'),
('ORD145', '2023-03-01 10:00:00', 'Completed', 320.00, 'CLI006', 'EMP003'),
('ORD146', '2023-03-15 10:30:00', 'Completed', 230.00, 'CLI007', 'EMP001'),
('ORD147', '2023-03-15 11:00:00', 'Canceled', 245.00, 'CLI008', 'EMP002'),
('ORD148', '2023-03-15 11:30:00', 'Completed', 215.00, 'CLI009', 'EMP003'),
('ORD149', '2023-03-15 12:00:00', 'Canceled', 190.00, 'CLI010', 'EMP001'),
('ORD150', '2023-03-15 12:30:00', 'Completed', 285.00, 'CLI001', 'EMP002'),
('ORD151', '2023-04-01 13:00:00', 'Completed', 275.00, 'CLI002', 'EMP003'),
('ORD152', '2023-04-01 13:30:00', 'Canceled', 290.00, 'CLI003', 'EMP001'),
('ORD153', '2023-04-01 14:00:00', 'Completed', 265.00, 'CLI004', 'EMP002'),
('ORD154', '2023-04-01 14:30:00', 'Canceled', 300.00, 'CLI005', 'EMP003'),
('ORD155', '2023-04-15 15:00:00', 'Completed', 285.00, 'CLI006', 'EMP001'),
('ORD156', '2023-04-15 15:30:00', 'Canceled', 250.00, 'CLI007', 'EMP002'),
('ORD157', '2023-04-15 16:00:00', 'Completed', 275.00, 'CLI008', 'EMP003'),
('ORD158', '2023-04-15 16:30:00', 'Canceled', 260.00, 'CLI009', 'EMP001'),
('ORD159', '2023-04-15 17:00:00', 'Completed', 290.00, 'CLI010', 'EMP002'),
('ORD160', '2023-04-30 17:30:00', 'Completed', 305.00, 'CLI001', 'EMP003'),
('ORD161', '2023-05-01 08:00:00', 'Completed', 290.00, 'CLI002', 'EMP002'),
('ORD162', '2023-05-01 08:30:00', 'Canceled', 270.00, 'CLI003', 'EMP003'),
('ORD163', '2023-05-01 09:00:00', 'Completed', 310.00, 'CLI004', 'EMP001'),
('ORD164', '2023-05-01 09:30:00', 'Canceled', 250.00, 'CLI005', 'EMP002'),
('ORD165', '2023-05-01 10:00:00', 'Completed', 320.00, 'CLI006', 'EMP003'),
('ORD166', '2023-05-15 10:30:00', 'Completed', 230.00, 'CLI007', 'EMP001'),
('ORD167', '2023-05-15 11:00:00', 'Canceled', 240.00, 'CLI008', 'EMP002'),
('ORD168', '2023-05-15 11:30:00', 'Completed', 210.00, 'CLI009', 'EMP003'),
('ORD169', '2023-05-15 12:00:00', 'Canceled', 190.00, 'CLI010', 'EMP001'),
('ORD170', '2023-05-15 12:30:00', 'Completed', 280.00, 'CLI001', 'EMP002'),
('ORD171', '2023-06-01 13:00:00', 'Completed', 275.00, 'CLI002', 'EMP003'),
('ORD172', '2023-06-01 13:30:00', 'Canceled', 285.00, 'CLI003', 'EMP001'),
('ORD173', '2023-06-01 14:00:00', 'Completed', 260.00, 'CLI004', 'EMP002'),
('ORD174', '2023-06-01 14:30:00', 'Canceled', 295.00, 'CLI005', 'EMP003'),
('ORD175', '2023-06-15 15:00:00', 'Completed', 285.00, 'CLI006', 'EMP001'),
('ORD176', '2023-06-15 15:30:00', 'Canceled', 245.00, 'CLI007', 'EMP002'),
('ORD177', '2023-06-15 16:00:00', 'Completed', 270.00, 'CLI008', 'EMP003'),
('ORD178', '2023-06-15 16:30:00', 'Canceled', 255.00, 'CLI009', 'EMP001'),
('ORD179', '2023-06-15 17:00:00', 'Completed', 285.00, 'CLI010', 'EMP002'),
('ORD180', '2023-06-30 17:30:00', 'Completed', 300.00, 'CLI001', 'EMP003'), 
('ORD181', '2023-07-01 08:00:00', 'Completed', 305.00, 'CLI002', 'EMP002'),
('ORD182', '2023-07-01 08:30:00', 'Canceled', 280.00, 'CLI003', 'EMP003'),
('ORD183', '2023-07-01 09:00:00', 'Completed', 315.00, 'CLI004', 'EMP001'),
('ORD184', '2023-07-01 09:30:00', 'Canceled', 260.00, 'CLI005', 'EMP002'),
('ORD185', '2023-07-01 10:00:00', 'Completed', 325.00, 'CLI006', 'EMP003'),
('ORD186', '2023-07-15 10:30:00', 'Completed', 235.00, 'CLI007', 'EMP001'),
('ORD187', '2023-07-15 11:00:00', 'Canceled', 245.00, 'CLI008', 'EMP002'),
('ORD188', '2023-07-15 11:30:00', 'Completed', 220.00, 'CLI009', 'EMP003'),
('ORD189', '2023-07-15 12:00:00', 'Canceled', 200.00, 'CLI010', 'EMP001'),
('ORD190', '2023-07-15 12:30:00', 'Completed', 290.00, 'CLI001', 'EMP002'),
('ORD191', '2023-08-01 13:00:00', 'Completed', 285.00, 'CLI002', 'EMP003'),
('ORD192', '2023-08-01 13:30:00', 'Canceled', 295.00, 'CLI003', 'EMP001'),
('ORD193', '2023-08-01 14:00:00', 'Completed', 270.00, 'CLI004', 'EMP002'),
('ORD194', '2023-08-01 14:30:00', 'Canceled', 305.00, 'CLI005', 'EMP003'),
('ORD195', '2023-08-15 15:00:00', 'Completed', 295.00, 'CLI006', 'EMP001'),
('ORD196', '2023-08-15 15:30:00', 'Canceled', 255.00, 'CLI007', 'EMP002'),
('ORD197', '2023-08-15 16:00:00', 'Completed', 285.00, 'CLI008', 'EMP003'),
('ORD198', '2023-08-15 16:30:00', 'Canceled', 265.00, 'CLI009', 'EMP001'),
('ORD199', '2023-08-15 17:00:00', 'Completed', 295.00, 'CLI010', 'EMP002'),
('ORD200', '2023-08-30 17:30:00', 'Completed', 310.00, 'CLI001', 'EMP003');

UPDATE Order_made
SET order_made_total_amount = (
    SELECT SUM(order_detail_quantity * order_detail_unit_cost)
    FROM Order_detail
    WHERE Order_detail.order_made_order_made_id = Order_made.order_made_id
);


INSERT INTO Order_detail (order_detail_id, order_detail_quantity, order_detail_unit_cost, product_product_sku, order_made_order_made_id) VALUES
('DET001', 2, 600.00, 'DOG-FOOD-001', 'ORD001'),
('DET002', 1, 760.00, 'CAT-LIT-002', 'ORD002'),
('DET003', 3, 150.00, 'BRD-SEED-003', 'ORD003'),
('DET004', 2, 150.00, 'REPT-FOOD-004', 'ORD004'),
('DET005', 1, 500.00, 'FISH-FOOD-005', 'ORD005'),
('DET006', 3, 50.00, 'DOG-TOY-006', 'ORD006'),
('DET007', 5, 50.00, 'CAT-TOY-007', 'ORD007'),
('DET008', 1, 850.00, 'BRD-CAGE-008', 'ORD008'),
('DET009', 2, 450.00, 'REPT-HAB-009', 'ORD009'),
('DET010', 1, 700.00, 'FISH-TANK-010', 'ORD010'),
('DET011', 2, 475.00, 'DOG-FOOD-001', 'ORD011'),
('DET012', 1, 670.00, 'CAT-LIT-002', 'ORD012'),
('DET013', 2, 115.00, 'BRD-SEED-003', 'ORD013'),
('DET014', 2, 440.00, 'REPT-FOOD-004', 'ORD014'),
('DET015', 3, 150.00, 'FISH-FOOD-005', 'ORD015'),
('DET016', 4, 30.00, 'DOG-TOY-006', 'ORD016'),
('DET017', 2, 155.00, 'CAT-TOY-007', 'ORD017'),
('DET018', 1, 640.00, 'BRD-CAGE-008', 'ORD018'),
('DET019', 1, 780.00, 'REPT-HAB-009', 'ORD019'),
('DET020', 1, 560.00, 'FISH-TANK-010', 'ORD020'),
('DET021', 2, 550.00, 'DOG-FOOD-001', 'ORD021'),
('DET022', 4, 200.00, 'CAT-LIT-002', 'ORD022'),
('DET023', 5, 150.00, 'BRD-SEED-003', 'ORD023'),
('DET024', 2, 300.00, 'REPT-FOOD-004', 'ORD024'),
('DET025', 3, 300.00, 'FISH-FOOD-005', 'ORD025'),
('DET026', 10, 50.00, 'DOG-TOY-006', 'ORD026'),
('DET027', 1, 850.00, 'CAT-TOY-007', 'ORD027'),
('DET028', 1, 650.00, 'BRD-CAGE-008', 'ORD028'),
('DET029', 1, 700.00, 'REPT-HAB-009', 'ORD029'),
('DET030', 2, 400.00, 'FISH-TANK-010', 'ORD030'),
('DET031', 2, 475.00, 'DOG-FOOD-001', 'ORD031'),
('DET032', 1, 760.00, 'CAT-LIT-002', 'ORD032'),
('DET033', 4, 135.00, 'BRD-SEED-003', 'ORD033'),
('DET034', 2, 305.00, 'REPT-FOOD-004', 'ORD034'),
('DET035', 3, 277.00, 'FISH-FOOD-005', 'ORD035'),
('DET036', 9, 52.22, 'DOG-TOY-006', 'ORD036'),
('DET037', 1, 300.00, 'CAT-TOY-007', 'ORD037'),
('DET038', 1, 690.00, 'BRD-CAGE-008', 'ORD038'),
('DET039', 1, 880.00, 'REPT-HAB-009', 'ORD039'),
('DET040', 1, 520.00, 'FISH-TANK-010', 'ORD040'),
('DET041', 2, 575.00, 'DOG-FOOD-001', 'ORD041'),
('DET042', 3, 283.33, 'CAT-LIT-002', 'ORD042'),
('DET043', 5, 150.00, 'BRD-SEED-003', 'ORD043'),
('DET044', 4, 155.00, 'REPT-FOOD-004', 'ORD044'),
('DET045', 3, 310.00, 'FISH-FOOD-005', 'ORD045'),
('DET046', 10, 51.00, 'DOG-TOY-006', 'ORD046'),
('DET047', 2, 435.00, 'CAT-TOY-007', 'ORD047'),
('DET048', 1, 650.00, 'BRD-CAGE-008', 'ORD048'),
('DET049', 1, 710.00, 'REPT-HAB-009', 'ORD049'),
('DET050', 2, 405.00, 'FISH-TANK-010', 'ORD050'),
('DET051', 2, 480.00, 'DOG-FOOD-001', 'ORD051'),
('DET052', 3, 260.00, 'CAT-LIT-002', 'ORD052'),
('DET053', 4, 137.50, 'BRD-SEED-003', 'ORD053'),
('DET054', 2, 310.00, 'REPT-FOOD-004', 'ORD054'),
('DET055', 4, 210.00, 'FISH-FOOD-005', 'ORD055'),
('DET056', 9, 53.33, 'DOG-TOY-006', 'ORD056'),
('DET057', 2, 160.00, 'CAT-TOY-007', 'ORD057'),
('DET058', 1, 690.00, 'BRD-CAGE-008', 'ORD058'),
('DET059', 1, 890.00, 'REPT-HAB-009', 'ORD059'),
('DET060', 2, 265.00, 'FISH-TANK-010', 'ORD060'),
('DET061', 1, 210.00, 'DOG-FOOD-001', 'ORD061'),
('DET062', 2, 80.00, 'CAT-LIT-002', 'ORD062'),
('DET063', 1, 190.00, 'BRD-SEED-003', 'ORD063'),
('DET064', 1, 140.00, 'REPT-FOOD-004', 'ORD064'),
('DET065', 1, 250.00, 'FISH-FOOD-005', 'ORD065'),
('DET066', 4, 30.00, 'DOG-TOY-006', 'ORD066'),
('DET067', 2, 55.00, 'CAT-TOY-007', 'ORD067'),
('DET068', 1, 230.00, 'BRD-CAGE-008', 'ORD068'),
('DET069', 3, 30.00, 'REPT-HAB-009', 'ORD069'),
('DET070', 1, 200.00, 'FISH-TANK-010', 'ORD070'),
('DET071', 2, 110.00, 'DOG-FOOD-001', 'ORD071'),
('DET072', 3, 56.67, 'CAT-LIT-002', 'ORD072'),
('DET073', 2, 90.00, 'BRD-SEED-003', 'ORD073'),
('DET074', 3, 50.00, 'REPT-FOOD-004', 'ORD074'),
('DET075', 1, 240.00, 'FISH-FOOD-005', 'ORD075'),
('DET076', 4, 32.50, 'DOG-TOY-006', 'ORD076'),
('DET077', 2, 50.00, 'CAT-TOY-007', 'ORD077'),
('DET078', 1, 210.00, 'BRD-CAGE-008', 'ORD078'),
('DET079', 4, 20.00, 'REPT-HAB-009', 'ORD079'),
('DET080', 1, 190.00, 'FISH-TANK-010', 'ORD080'),
('DET081', 1, 310.00, 'DOG-FOOD-001', 'ORD081'),
('DET082', 2, 130.00, 'CAT-LIT-002', 'ORD082'),
('DET083', 2, 145.00, 'BRD-SEED-003', 'ORD083'),
('DET084', 2, 120.00, 'REPT-FOOD-004', 'ORD084'),
('DET085', 1, 350.00, 'FISH-FOOD-005', 'ORD085'),
('DET086', 4, 55.00, 'DOG-TOY-006', 'ORD086'),
('DET087', 3, 70.00, 'CAT-TOY-007', 'ORD087'),
('DET088', 1, 330.00, 'BRD-CAGE-008', 'ORD088'),
('DET089', 4, 47.50, 'REPT-HAB-009', 'ORD089'),
('DET090', 1, 300.00, 'FISH-TANK-010', 'ORD090'),
('DET091', 1, 320.00, 'DOG-FOOD-001', 'ORD091'),
('DET092', 3, 90.00, 'CAT-LIT-002', 'ORD092'),
('DET093', 2, 140.00, 'BRD-SEED-003', 'ORD093'),
('DET094', 2, 125.00, 'REPT-FOOD-004', 'ORD094'),
('DET095', 1, 340.00, 'FISH-FOOD-005', 'ORD095'),
('DET096', 5, 46.00, 'DOG-TOY-006', 'ORD096'),
('DET097', 4, 50.00, 'CAT-TOY-007', 'ORD097'),
('DET098', 1, 310.00, 'BRD-CAGE-008', 'ORD098'),
('DET099', 6, 30.00, 'REPT-HAB-009', 'ORD099'),
('DET100', 1, 290.00, 'FISH-TANK-010', 'ORD100'),
('DET101', 1, 315.00, 'DOG-FOOD-001', 'ORD101'),
('DET102', 1, 285.00, 'CAT-LIT-002', 'ORD102'),
('DET103', 2, 145.00, 'BRD-SEED-003', 'ORD103'),
('DET104', 2, 135.00, 'REPT-FOOD-004', 'ORD104'),
('DET105', 1, 345.00, 'FISH-FOOD-005', 'ORD105'),
('DET106', 4, 56.25, 'DOG-TOY-006', 'ORD106'),
('DET107', 3, 71.67, 'CAT-TOY-007', 'ORD107'),
('DET108', 1, 330.00, 'BRD-CAGE-008', 'ORD108'),
('DET109', 3, 65.00, 'REPT-HAB-009', 'ORD109'),
('DET110', 1, 310.00, 'FISH-TANK-010', 'ORD110'),
('DET111', 1, 325.00, 'DOG-FOOD-001', 'ORD111'),
('DET112', 2, 137.50, 'CAT-LIT-002', 'ORD112'),
('DET113', 2, 142.50, 'BRD-SEED-003', 'ORD113'),
('DET114', 2, 127.50, 'REPT-FOOD-004', 'ORD114'),
('DET115', 1, 345.00, 'FISH-FOOD-005', 'ORD115'),
('DET116', 5, 47.00, 'DOG-TOY-006', 'ORD116'),
('DET117', 4, 51.25, 'CAT-TOY-007', 'ORD117'),
('DET118', 1, 320.00, 'BRD-CAGE-008', 'ORD118'),
('DET119', 4, 47.50, 'REPT-HAB-009', 'ORD119'),
('DET120', 1, 295.00, 'FISH-TANK-010', 'ORD120'),
('DET121', 1, 250.00, 'DOG-FOOD-001', 'ORD121'),
('DET122', 1, 200.00, 'CAT-LIT-002', 'ORD122'),
('DET123', 2, 150.00, 'BRD-SEED-003', 'ORD123'),
('DET124', 1, 150.00, 'REPT-FOOD-004', 'ORD124'),
('DET125', 2, 95.00, 'FISH-FOOD-005', 'ORD125'),
('DET126', 1, 310.00, 'DOG-TOY-006', 'ORD126'),
('DET127', 2, 105.00, 'CAT-TOY-007', 'ORD127'),
('DET128', 1, 270.00, 'BRD-CAGE-008', 'ORD128'),
('DET129', 2, 90.00, 'REPT-HAB-009', 'ORD129'),
('DET130', 1, 260.00, 'FISH-TANK-010', 'ORD130'),
('DET131', 2, 110.00, 'DOG-FOOD-001', 'ORD131'),
('DET132', 1, 240.00, 'CAT-LIT-002', 'ORD132'),
('DET133', 2, 105.00, 'BRD-SEED-003', 'ORD133'),
('DET134', 4, 65.00, 'REPT-FOOD-004', 'ORD134'),
('DET135', 1, 290.00, 'FISH-FOOD-005', 'ORD135'),
('DET136', 7, 25.00, 'DOG-TOY-006', 'ORD136'),
('DET137', 1, 325.00, 'CAT-TOY-007', 'ORD137'),
('DET138', 2, 82.50, 'BRD-CAGE-008', 'ORD138'),
('DET139', 3, 85.00, 'REPT-HAB-009', 'ORD139'),
('DET140', 1, 285.00, 'FISH-TANK-010', 'ORD140'),
('DET141', 1, 295.00, 'DOG-FOOD-001', 'ORD141'),
('DET142', 1, 280.00, 'CAT-LIT-002', 'ORD142'),
('DET143', 2, 155.00, 'BRD-SEED-003', 'ORD143'),
('DET144', 2, 130.00, 'REPT-FOOD-004', 'ORD144'),
('DET145', 1, 320.00, 'FISH-FOOD-005', 'ORD145'),
('DET146', 4, 57.50, 'DOG-TOY-006', 'ORD146'),
('DET147', 1, 245.00, 'CAT-TOY-007', 'ORD147'),
('DET148', 1, 215.00, 'BRD-CAGE-008', 'ORD148'),
('DET149', 5, 38.00, 'REPT-HAB-009', 'ORD149'),
('DET150', 1, 285.00, 'FISH-TANK-010', 'ORD150'),
('DET151', 1, 275.00, 'DOG-FOOD-001', 'ORD151'),
('DET152', 2, 145.00, 'CAT-LIT-002', 'ORD152'),
('DET153', 2, 132.50, 'BRD-SEED-003', 'ORD153'),
('DET154', 2, 150.00, 'REPT-FOOD-004', 'ORD154'),
('DET155', 1, 285.00, 'FISH-FOOD-005', 'ORD155'),
('DET156', 5, 50.00, 'DOG-TOY-006', 'ORD156'),
('DET157', 1, 275.00, 'CAT-TOY-007', 'ORD157'),
('DET158', 2, 130.00, 'BRD-CAGE-008', 'ORD158'),
('DET159', 1, 290.00, 'REPT-HAB-009', 'ORD159'),
('DET160', 1, 305.00, 'FISH-TANK-010', 'ORD160'),
('DET161', 1, 290.00, 'DOG-FOOD-001', 'ORD161'),
('DET162', 1, 270.00, 'CAT-LIT-002', 'ORD162'),
('DET163', 2, 155.00, 'BRD-SEED-003', 'ORD163'),
('DET164', 2, 125.00, 'REPT-FOOD-004', 'ORD164'),
('DET165', 1, 320.00, 'FISH-FOOD-005', 'ORD165'),
('DET166', 4, 57.50, 'DOG-TOY-006', 'ORD166'),
('DET167', 2, 120.00, 'CAT-TOY-007', 'ORD167'),
('DET168', 1, 210.00, 'BRD-CAGE-008', 'ORD168'),
('DET169', 5, 38.00, 'REPT-HAB-009', 'ORD169'),
('DET170', 1, 280.00, 'FISH-TANK-010', 'ORD170'),
('DET171', 1, 275.00, 'DOG-FOOD-001', 'ORD171'),
('DET172', 1, 285.00, 'CAT-LIT-002', 'ORD172'),
('DET173', 2, 130.00, 'BRD-SEED-003', 'ORD173'),
('DET174', 2, 147.50, 'REPT-FOOD-004', 'ORD174'),
('DET175', 1, 285.00, 'FISH-FOOD-005', 'ORD175'),
('DET176', 5, 49.00, 'DOG-TOY-006', 'ORD176'),
('DET177', 1, 270.00, 'CAT-TOY-007', 'ORD177'),
('DET178', 2, 127.50, 'BRD-CAGE-008', 'ORD178'),
('DET179', 1, 285.00, 'REPT-HAB-009', 'ORD179'),
('DET180', 1, 300.00, 'FISH-TANK-010', 'ORD180'),
('DET181', 1, 305.00, 'DOG-FOOD-001', 'ORD181'),
('DET182', 1, 280.00, 'CAT-LIT-002', 'ORD182'),
('DET183', 1, 315.00, 'BRD-SEED-003', 'ORD183'),
('DET184', 2, 130.00, 'REPT-FOOD-004', 'ORD184'),
('DET185', 1, 325.00, 'FISH-FOOD-005', 'ORD185'),
('DET186', 5, 47.00, 'DOG-TOY-006', 'ORD186'),
('DET187', 1, 245.00, 'CAT-TOY-007', 'ORD187'),
('DET188', 2, 110.00, 'BRD-CAGE-008', 'ORD188'),
('DET189', 4, 50.00, 'REPT-HAB-009', 'ORD189'),
('DET190', 1, 290.00, 'FISH-TANK-010', 'ORD190'),
('DET191', 1, 285.00, 'DOG-FOOD-001', 'ORD191'),
('DET192', 1, 295.00, 'CAT-LIT-002', 'ORD192'),
('DET193', 2, 135.00, 'BRD-SEED-003', 'ORD193'),
('DET194', 1, 305.00, 'REPT-FOOD-004', 'ORD194'),
('DET195', 1, 295.00, 'FISH-FOOD-005', 'ORD195'),
('DET196', 5, 51.00, 'DOG-TOY-006', 'ORD196'),
('DET197', 1, 285.00, 'CAT-TOY-007', 'ORD197'),
('DET198', 2, 132.50, 'BRD-CAGE-008', 'ORD198'),
('DET199', 1, 295.00, 'REPT-HAB-009', 'ORD199'),
('DET200', 1, 310.00, 'FISH-TANK-010', 'ORD200');

UPDATE Order_detail
SET order_detail_unit_cost = (
    SELECT product_price
    FROM Product
    WHERE Product.product_sku = Order_detail.product_product_sku
);
*/
INSERT INTO Product_supplier_purchase (product_product_sku, supplier_purchase_supplier_purchase_id) VALUES
('DOG-FOOD-001', 'SP001'),
('CAT-LIT-002', 'SP002'),
('BRD-SEED-003', 'SP003'),
('REPT-FOOD-004', 'SP004'),
('FISH-FOOD-005', 'SP005'),
('DOG-TOY-006', 'SP006'),
('CAT-TOY-007', 'SP007'),
('BRD-CAGE-008', 'SP008'),
('REPT-HAB-009', 'SP009'),
('FISH-TANK-010', 'SP010');


INSERT INTO Client_payment_method (client_client_id, payment_method_payment_method_id) VALUES
('CLI001', 'PAY001'),
('CLI002', 'PAY002'),
('CLI003', 'PAY003'),
('CLI004', 'PAY001'),
('CLI005', 'PAY002'),
('CLI006', 'PAY003'),
('CLI007', 'PAY004'),
('CLI008', 'PAY001'),
('CLI009', 'PAY002'),
('CLI010', 'PAY003');